{"beans": [{"Name": "String bean", "Description": "Stand up really tall with your hands in the air", "stringSearch": "string"}, {"Name": "Jumping bean", "Description": "Jump, jump, jump, jump", "stringSearch": "jumping"}, {"Name": "Broad bean", "Description": "Stand with your hands to the side and be broad", "stringSearch": "broad"}, {"Name": "Mexican bean", "Description": "Say Ole, Ole, Ole", "stringSearch": "mexican"}, {"Name": "French bean", "Description": "Say Oooo Laa Laa", "stringSearch": "french"}, {"Name": "Runner bean", "Description": "Run on the spot as fast as you can", "stringSearch": "runner"}, {"Name": "Jelly bean", "Description": "Wibble wobble like a jelly", "stringSearch": "jelly"}, {"Name": "Baked bean", "Description": "Lay on the floor in a ball", "stringSearch": "baked"}, {"Name": "Chilli bean", "Description": "Shiver like you are really cold", "stringSearch": "chilli"}, {"Name": "Frozen bean", "Description": "Stay still and freeze", "stringSearch": "frozen"}, {"Name": "beans on Toast", "Description": "Lay on the floor like a starfish", "stringSearch": "toast"}]}